feature,class,molecule,genomic_accession,start,end,strand,product_accession,gene_family,gene,locus_tag,feature_interval_length,product_length,strain,startC1,endC1,startC2,endC2,strandC2
CDS,with_protein,GCF_000025985.1,NC_003228.3,703415,704059,1,WP_005778522.1,MarC family protein,marC,BF9343_RS02745,645,214,Bacteroides fragilis NCTC 9343,0,644,22619,23263,0
CDS,with_protein,GCF_000025985.1,NC_003228.3,704163,705758,0,WP_010992107.1,SusD/RagB family nutrient-binding outer membrane lipoprotein,susD,BF9343_RS02750,1596,531,Bacteroides fragilis NCTC 9343,748,2343,20920,22515,1
CDS,with_protein,GCF_000025985.1,NC_003228.3,705770,708715,0,WP_032574916.1,SusC/RagA family TonB-linked outer membrane protein,susC,BF9343_RS02755,2946,981,Bacteroides fragilis NCTC 9343,2355,5300,17963,20908,1
CDS,with_protein,GCF_000025985.1,NC_003228.3,709232,710734,0,WP_010992109.1,RagB/SusD family nutrient uptake outer membrane protein,susD,BF9343_RS02760,1503,500,Bacteroides fragilis NCTC 9343,5817,7319,15944,17446,1
CDS,with_protein,GCF_000025985.1,NC_003228.3,710756,713578,0,WP_032528737.1,SusC/RagA family TonB-linked outer membrane protein,susC,BF9343_RS02765,2823,940,Bacteroides fragilis NCTC 9343,7341,10163,13100,15922,1
CDS,with_protein,GCF_000025985.1,NC_003228.3,714211,715392,0,WP_005784676.1,Tsr0667 family tyrosine-type DNA invertase,xerC,BF9343_RS02770,1182,393,Bacteroides fragilis NCTC 9343,10796,11977,11286,12467,1
CDS,with_protein,GCF_000025985.1,NC_003228.3,715846,718881,1,WP_010992111.1,TonB-dependent receptor,susC,BF9343_RS02775,3036,1011,Bacteroides fragilis NCTC 9343,12431,15466,7797,10832,0
CDS,with_protein,GCF_000025985.1,NC_003228.3,718914,720413,1,WP_005796345.1,RagB/SusD family nutrient uptake outer membrane protein,susD,BF9343_RS02780,1500,499,Bacteroides fragilis NCTC 9343,15499,16998,6265,7764,0
CDS,with_protein,GCF_000025985.1,NC_003228.3,720976,723879,1,WP_005792393.1,TonB-dependent receptor,susC,BF9343_RS02785,2904,967,Bacteroides fragilis NCTC 9343,17561,20464,2799,5702,0
CDS,with_protein,GCF_000025985.1,NC_003228.3,723914,725308,1,WP_005784686.1,RagB/SusD family nutrient uptake outer membrane protein,susD,BF9343_RS02790,1395,464,Bacteroides fragilis NCTC 9343,20499,21893,1370,2764,0
CDS,with_protein,GCF_000025985.1,NC_003228.3,725425,726678,1,WP_005796343.1,GTPase HflX,hflX,BF9343_RS02795,1254,417,Bacteroides fragilis NCTC 9343,22010,23263,0,1253,0
CDS,with_protein,GCF_014131755.1,NZ_CP040530.1,135378,136637,0,WP_008759581.1,GTPase HflX,hflX,FE838_RS00765,1260,419,Bacteroides thetaiotaomicron DSM 2079,0,1259,0,1259,0
CDS,with_protein,GCF_014131755.1,NZ_CP040530.1,136745,138205,0,WP_008764022.1,SusD/RagB family nutrient-binding outer membrane lipoprotein,susD,FE838_RS00770,1461,486,Bacteroides thetaiotaomicron DSM 2079,1367,2827,1367,2827,0
CDS,with_protein,GCF_014131755.1,NZ_CP040530.1,138225,141104,0,WP_011108195.1,SusC/RagA family TonB-linked outer membrane protein,susC,FE838_RS00775,2880,959,Bacteroides thetaiotaomicron DSM 2079,2847,5726,2847,5726,0
CDS,with_protein,GCF_014131755.1,NZ_CP040530.1,141594,142094,0,WP_008759578.1,lipid-binding protein,other,FE838_RS00780,501,166,Bacteroides thetaiotaomicron DSM 2079,6216,6716,6216,6716,0
CDS,with_protein,GCF_014131755.1,NZ_CP040530.1,142105,142797,0,WP_011108196.1,DUF5012 domain-containing protein,other,FE838_RS00785,693,230,Bacteroides thetaiotaomicron DSM 2079,6727,7419,6727,7419,0
CDS,with_protein,GCF_014131755.1,NZ_CP040530.1,142825,144321,0,WP_008759577.1,SusD/RagB family nutrient-binding outer membrane lipoprotein,susD,FE838_RS00790,1497,498,Bacteroides thetaiotaomicron DSM 2079,7447,8943,7447,8943,0
CDS,with_protein,GCF_014131755.1,NZ_CP040530.1,144334,147288,0,WP_008759576.1,SusC/RagA family TonB-linked outer membrane protein,susC,FE838_RS00795,2955,984,Bacteroides thetaiotaomicron DSM 2079,8956,11910,8956,11910,0
CDS,with_protein,GCF_014131755.1,NZ_CP040530.1,148163,149353,0,WP_011108198.1,site-specific integrase,xerC,FE838_RS00800,1191,396,Bacteroides thetaiotaomicron DSM 2079,12785,13975,12785,13975,0
CDS,with_protein,GCF_014131755.1,NZ_CP040530.1,149804,152899,1,WP_225011931.1,TonB-dependent receptor,susC,FE838_RS00805,3096,1031,Bacteroides thetaiotaomicron DSM 2079,14426,17521,14426,17521,1
CDS,with_protein,GCF_014131755.1,NZ_CP040530.1,152919,154328,1,WP_008764026.1,RagB/SusD family nutrient uptake outer membrane protein,susD,FE838_RS00810,1410,469,Bacteroides thetaiotaomicron DSM 2079,17541,18950,17541,18950,1
CDS,with_protein,GCF_014131755.1,NZ_CP040530.1,154457,155116,0,WP_008763832.1,MarC family protein,marC,FE838_RS00815,660,219,Bacteroides thetaiotaomicron DSM 2079,19079,19738,19079,19738,0
CDS,with_protein,GCF_001314995.1,NZ_CP012938.1,2844439,2845698,0,WP_004299188.1,GTPase HflX,hflX,Bovatus_RS11325,1260,419,Bacteroides ovatus ATCC 8483,0,1259,0,1259,0
CDS,with_protein,GCF_001314995.1,NZ_CP012938.1,2845801,2847261,0,WP_004299187.1,SusD/RagB family nutrient-binding outer membrane lipoprotein,susD,Bovatus_RS11330,1461,486,Bacteroides ovatus ATCC 8483,1362,2822,1362,2822,0
CDS,with_protein,GCF_001314995.1,NZ_CP012938.1,2847275,2850391,0,WP_004299186.1,SusC/RagA family TonB-linked outer membrane protein,susC,Bovatus_RS11335,3117,1038,Bacteroides ovatus ATCC 8483,2836,5952,2836,5952,0
CDS,with_protein,GCF_001314995.1,NZ_CP012938.1,2850841,2852013,1,WP_004299185.1,site-specific integrase,xerC,Bovatus_RS11340,1173,390,Bacteroides ovatus ATCC 8483,6402,7574,6402,7574,1
CDS,with_protein,GCF_001314995.1,NZ_CP012938.1,2852898,2855717,1,WP_229095129.1,TonB-dependent receptor,susC,Bovatus_RS11350,2820,939,Bacteroides ovatus ATCC 8483,8459,11278,8459,11278,1
CDS,with_protein,GCF_001314995.1,NZ_CP012938.1,2855737,2857149,1,WP_004299182.1,RagB/SusD family nutrient uptake outer membrane protein,susD,Bovatus_RS11355,1413,470,Bacteroides ovatus ATCC 8483,11298,12710,11298,12710,1
CDS,with_protein,GCF_001314995.1,NZ_CP012938.1,2857776,2858426,0,WP_004323496.1,MarC family protein,marC,Bovatus_RS11360,651,216,Bacteroides ovatus ATCC 8483,13337,13987,13337,13987,0
CDS,with_protein,GCF_019930665.1,NZ_CP082886.1,5670141,5670785,1,WP_002559196.1,MarC family protein,marC,K8P02_RS21760,645,214,Bacteroides nordii FDAARGOS,0,644,27379,28023,0
CDS,with_protein,GCF_019930665.1,NZ_CP082886.1,5671307,5671948,0,WP_007483957.1,hypothetical protein,other,K8P02_RS21765,642,213,Bacteroides nordii FDAARGOS,1166,1807,26216,26857,1
CDS,with_protein,GCF_019930665.1,NZ_CP082886.1,5671945,5673726,0,WP_223381822.1,M6 family metalloprotease domain-containing protein,other,K8P02_RS21770,1782,593,Bacteroides nordii FDAARGOS,1804,3585,24438,26219,1
CDS,with_protein,GCF_019930665.1,NZ_CP082886.1,5673807,5674688,0,WP_002559199.1,Calx-beta domain-containing protein,other,K8P02_RS21775,882,293,Bacteroides nordii FDAARGOS,3666,4547,23476,24357,1
CDS,with_protein,GCF_019930665.1,NZ_CP082886.1,5674707,5676146,0,WP_002559200.1,RagB/SusD family nutrient uptake outer membrane protein,susD,K8P02_RS21780,1440,479,Bacteroides nordii FDAARGOS,4566,6005,22018,23457,1
CDS,with_protein,GCF_019930665.1,NZ_CP082886.1,5676179,356,0,WP_195348889.1,TonB-dependent receptor,susC,K8P02_RS00005,2760,919,Bacteroides nordii FDAARGOS,6038,8798,19225,21985,1
CDS,with_protein,GCF_019930665.1,NZ_CP082886.1,1167,2996,0,WP_223381824.1,thiol protease/hemagglutinin PrtT,other,K8P02_RS00010,1830,609,Bacteroides nordii FDAARGOS,9609,11438,16585,18414,1
CDS,with_protein,GCF_019930665.1,NZ_CP082886.1,3099,3884,0,WP_155921495.1,hypothetical protein,other,K8P02_RS00015,786,261,Bacteroides nordii FDAARGOS,11541,12326,15697,16482,1
CDS,with_protein,GCF_019930665.1,NZ_CP082886.1,3930,5450,0,WP_007483981.1,RagB/SusD family nutrient uptake outer membrane protein,susD,K8P02_RS00020,1521,506,Bacteroides nordii FDAARGOS,12372,13892,14131,15651,1
CDS,with_protein,GCF_019930665.1,NZ_CP082886.1,5488,8418,0,WP_262903070.1,SusC/RagA family TonB-linked outer membrane protein,susC,K8P02_RS00025,2931,976,Bacteroides nordii FDAARGOS,13930,16860,11163,14093,1
CDS,with_protein,GCF_019930665.1,NZ_CP082886.1,9399,10580,0,WP_025868343.1,site-specific integrase,xerC,K8P02_RS00030,1182,393,Bacteroides nordii FDAARGOS,17841,19022,9001,10182,1
CDS,with_protein,GCF_019930665.1,NZ_CP082886.1,11033,14113,1,WP_223381833.1,TonB-dependent receptor,susC,K8P02_RS00035,3081,1026,Bacteroides nordii FDAARGOS,19475,22555,5468,8548,0
CDS,with_protein,GCF_019930665.1,NZ_CP082886.1,14135,15580,1,WP_025867986.1,RagB/SusD family nutrient uptake outer membrane protein,susD,K8P02_RS00040,1446,481,Bacteroides nordii FDAARGOS,22577,24022,4001,5446,0
CDS,with_protein,GCF_019930665.1,NZ_CP082886.1,15772,17622,1,WP_025867985.1,thiol protease/hemagglutinin PrtT,other,K8P02_RS00045,1851,616,Bacteroides nordii FDAARGOS,24214,26064,1959,3809,0
CDS,with_protein,GCF_019930665.1,NZ_CP082886.1,17741,18277,1,WP_002559206.1,hypothetical protein,other,K8P02_RS00050,537,178,Bacteroides nordii FDAARGOS,26183,26719,1304,1840,0
CDS,with_protein,GCF_019930665.1,NZ_CP082886.1,18316,19581,1,WP_007483990.1,GTPase HflX,hflX,K8P02_RS00055,1266,421,Bacteroides nordii FDAARGOS,26758,28023,0,1265,0
CDS,with_protein,GCF_025146565.1,NZ_CP102258.1,1374911,1375570,1,WP_171031116.1,MarC family protein,marC,NQ546_RS05425,660,219,Bacteroides eggerthii DSM 20697,0,659,21277,21936,0
CDS,with_protein,GCF_025146565.1,NZ_CP102258.1,1375654,1377132,0,WP_004289013.1,SusD/RagB family nutrient-binding outer membrane lipoprotein,susD,NQ546_RS05430,1479,492,Bacteroides eggerthii DSM 20697,743,2221,19715,21193,1
CDS,with_protein,GCF_025146565.1,NZ_CP102258.1,1377157,1380186,0,WP_259812401.1,SusC/RagA family TonB-linked outer membrane protein,susC,NQ546_RS05435,3030,1009,Bacteroides eggerthii DSM 20697,2246,5275,16661,19690,1
CDS,with_protein,GCF_025146565.1,NZ_CP102258.1,1380534,1381661,1,WP_004289015.1,ATP-binding protein,other,NQ546_RS05440,1128,375,Bacteroides eggerthii DSM 20697,5623,6750,15186,16313,0
CDS,with_protein,GCF_025146565.1,NZ_CP102258.1,1381898,1383112,0,WP_004292403.1,IS256 family transposase,IS,NQ546_RS05445,1215,404,Bacteroides eggerthii DSM 20697,6987,8201,13735,14949,1
CDS,with_protein,GCF_025146565.1,NZ_CP102258.1,1383264,1384472,0,WP_081446751.1,RagB/SusD family nutrient uptake outer membrane protein,susD,NQ546_RS05450,1209,402,Bacteroides eggerthii DSM 20697,8353,9561,12375,13583,1
CDS,with_protein,GCF_025146565.1,NZ_CP102258.1,1384491,1387544,0,WP_259812402.1,TonB-dependent receptor,susC,NQ546_RS05455,3054,1017,Bacteroides eggerthii DSM 20697,9580,12633,9303,12356,1
CDS,with_protein,GCF_025146565.1,NZ_CP102258.1,1387998,1389155,1,WP_004289019.1,site-specific integrase,xerC,NQ546_RS05460,1158,385,Bacteroides eggerthii DSM 20697,13087,14244,7692,8849,0
CDS,without_protein,GCF_025146565.1,NZ_CP102258.1,1389758,1392760,1,,SusC/RagA family TonB-linked outer membrane protein,susC,NQ546_RS05465,3003,,Bacteroides eggerthii DSM 20697,14847,17849,4087,7089,0
CDS,with_protein,GCF_025146565.1,NZ_CP102258.1,1392774,1394249,1,WP_029429313.1,SusD/RagB family nutrient-binding outer membrane lipoprotein,susD,NQ546_RS05470,1476,491,Bacteroides eggerthii DSM 20697,17863,19338,2598,4073,0
CDS,with_protein,GCF_025146565.1,NZ_CP102258.1,1394279,1394962,1,WP_004289023.1,DUF5011 domain-containing protein,other,NQ546_RS05475,684,227,Bacteroides eggerthii DSM 20697,19368,20051,1885,2568,0
CDS,with_protein,GCF_025146565.1,NZ_CP102258.1,1394974,1395477,1,WP_004289024.1,lipid-binding protein,other,NQ546_RS05480,504,167,Bacteroides eggerthii DSM 20697,20063,20566,1370,1873,0
CDS,with_protein,GCF_025146565.1,NZ_CP102258.1,1395591,1396847,1,WP_004289025.1,GTPase HflX,hflX,NQ546_RS05485,1257,418,Bacteroides eggerthii DSM 20697,20680,21936,0,1256,0
CDS,with_protein,GCF_000186225.1,NC_014933.1,1502178,1502822,1,WP_013546785.1,MarC family protein,marC,BACHE_RS05965,645,214,Bacteroides helcogenes P 36-108,0,644,18691,19335,0
CDS,with_protein,GCF_000186225.1,NC_014933.1,1503150,1504613,0,WP_013546786.1,RagB/SusD family nutrient uptake outer membrane protein,susD,BACHE_RS05970,1464,487,Bacteroides helcogenes P 36-108,972,2435,16900,18363,1
CDS,with_protein,GCF_000186225.1,NC_014933.1,1504625,1507348,0,WP_013546787.1,SusC/RagA family TonB-linked outer membrane protein,susC,BACHE_RS05975,2724,907,Bacteroides helcogenes P 36-108,2447,5170,14165,16888,1
CDS,with_protein,GCF_000186225.1,NC_014933.1,1507803,1508600,0,WP_013546790.1,hypothetical protein,other,BACHE_RS05980,798,265,Bacteroides helcogenes P 36-108,5625,6422,12913,13710,1
CDS,with_protein,GCF_000186225.1,NC_014933.1,1508619,1510148,0,WP_013546791.1,RagB/SusD family nutrient uptake outer membrane protein,susD,BACHE_RS05985,1530,509,Bacteroides helcogenes P 36-108,6441,7970,11365,12894,1
CDS,without_protein,GCF_000186225.1,NC_014933.1,1510167,1513076,0,,TonB-dependent receptor,susC,BACHE_RS05990,2910,,Bacteroides helcogenes P 36-108,7989,10898,8437,11346,1
CDS,with_protein,GCF_000186225.1,NC_014933.1,1513543,1514721,0,WP_013546793.1,site-specific integrase,xerC,BACHE_RS05995,1179,392,Bacteroides helcogenes P 36-108,11365,12543,6792,7970,1
CDS,with_protein,GCF_000186225.1,NC_014933.1,1515174,1518392,1,WP_013546795.1,TonB-dependent receptor,susC,BACHE_RS06000,3219,1072,Bacteroides helcogenes P 36-108,12996,16214,3121,6339,0
CDS,with_protein,GCF_000186225.1,NC_014933.1,1518420,1520030,1,WP_013546796.1,RagB/SusD family nutrient uptake outer membrane protein,susD,BACHE_RS06005,1611,536,Bacteroides helcogenes P 36-108,16242,17852,1483,3093,0
CDS,with_protein,GCF_000186225.1,NC_014933.1,1520257,1521513,1,WP_013546797.1,GTPase HflX,hflX,BACHE_RS06010,1257,418,Bacteroides helcogenes P 36-108,18079,19335,0,1256,0
CDS,with_protein,GCF_012113595.1,NZ_CP050831.1,145366,146625,0,WP_167959497.1,GTPase HflX,hflX,BacF7301_RS00575,1260,419,Bacteroides faecium CBA7301,0,1259,0,1259,0
CDS,with_protein,GCF_012113595.1,NZ_CP050831.1,146779,148446,0,WP_167959498.1,RagB/SusD family nutrient uptake outer membrane protein,susD,BacF7301_RS00580,1668,555,Bacteroides faecium CBA7301,1413,3080,1413,3080,0
CDS,with_protein,GCF_012113595.1,NZ_CP050831.1,148474,151662,0,WP_167959499.1,TonB-dependent receptor,susC,BacF7301_RS00585,3189,1062,Bacteroides faecium CBA7301,3108,6296,3108,6296,0
CDS,with_protein,GCF_012113595.1,NZ_CP050831.1,152112,153302,1,WP_167959500.1,site-specific integrase,xerC,BacF7301_RS00590,1191,396,Bacteroides faecium CBA7301,6746,7936,6746,7936,1
CDS,with_protein,GCF_012113595.1,NZ_CP050831.1,153995,157039,1,WP_256380268.1,SusC/RagA family TonB-linked outer membrane protein,susC,BacF7301_RS00595,3045,1014,Bacteroides faecium CBA7301,8629,11673,8629,11673,1
CDS,with_protein,GCF_012113595.1,NZ_CP050831.1,157058,158521,1,WP_167959502.1,SusD/RagB family nutrient-binding outer membrane lipoprotein,susD,BacF7301_RS00600,1464,487,Bacteroides faecium CBA7301,11692,13155,11692,13155,1
CDS,with_protein,GCF_012113595.1,NZ_CP050831.1,158646,159299,0,WP_167959503.1,MarC family protein,marC,BacF7301_RS00605,654,217,Bacteroides faecium CBA7301,13280,13933,13280,13933,0
CDS,with_protein,GCF_009193295.2,NZ_CP059973.1,192264,193523,0,WP_143257654.1,GTPase HflX,hflX,GD631_RS00685,1260,419,Bacteroides luhongzhouii HF-5141,0,1259,0,1259,0
CDS,with_protein,GCF_009193295.2,NZ_CP059973.1,193627,195099,0,WP_143257653.1,SusD/RagB family nutrient-binding outer membrane lipoprotein,susD,GD631_RS00690,1473,490,Bacteroides luhongzhouii HF-5141,1363,2835,1363,2835,0
CDS,with_protein,GCF_009193295.2,NZ_CP059973.1,195121,198072,0,WP_009041213.1,SusC/RagA family TonB-linked outer membrane protein,susC,GD631_RS00695,2952,983,Bacteroides luhongzhouii HF-5141,2857,5808,2857,5808,0
CDS,with_protein,GCF_009193295.2,NZ_CP059973.1,198885,200075,0,WP_143257651.1,site-specific integrase,xerC,GD631_RS00700,1191,396,Bacteroides luhongzhouii HF-5141,6621,7811,6621,7811,0
CDS,with_protein,GCF_009193295.2,NZ_CP059973.1,200526,203663,1,WP_143257650.1,TonB-dependent receptor,susC,GD631_RS00705,3138,1045,Bacteroides luhongzhouii HF-5141,8262,11399,8262,11399,1
CDS,with_protein,GCF_009193295.2,NZ_CP059973.1,203687,205210,1,WP_143257649.1,RagB/SusD family nutrient uptake outer membrane protein,susD,GD631_RS00710,1524,507,Bacteroides luhongzhouii HF-5141,11423,12946,11423,12946,1
CDS,with_protein,GCF_009193295.2,NZ_CP059973.1,205392,205922,1,WP_223225937.1,sulfatase-like hydrolase/transferase,other,GD631_RS00715,531,176,Bacteroides luhongzhouii HF-5141,13128,13658,13128,13658,1
CDS,with_protein,GCF_009193295.2,NZ_CP059973.1,206036,206686,0,WP_143257648.1,MarC family protein,marC,GD631_RS00720,651,216,Bacteroides luhongzhouii HF-5141,13772,14422,13772,14422,0
CDS,with_protein,GCF_001688725.2,NZ_CP015401.2,3361041,3362300,0,WP_065539435.1,GTPase HflX,hflX,A4V03_RS14590,1260,419,Bacteroides caecimuris I48,0,1259,0,1259,0
CDS,with_protein,GCF_001688725.2,NZ_CP015401.2,3362434,3363858,0,WP_065539436.1,RagB/SusD family nutrient uptake outer membrane protein,susD,A4V03_RS14595,1425,474,Bacteroides caecimuris I48,1393,2817,1393,2817,0
CDS,with_protein,GCF_001688725.2,NZ_CP015401.2,3363871,3366735,0,WP_071807688.1,TonB-dependent receptor,susC,A4V03_RS14600,2865,954,Bacteroides caecimuris I48,2830,5694,2830,5694,0
CDS,with_protein,GCF_001688725.2,NZ_CP015401.2,3367210,3367710,0,WP_065539438.1,lipid-binding protein,other,A4V03_RS14605,501,166,Bacteroides caecimuris I48,6169,6669,6169,6669,0
CDS,with_protein,GCF_001688725.2,NZ_CP015401.2,3367721,3368413,0,WP_065539439.1,DUF5012 domain-containing protein,other,A4V03_RS14610,693,230,Bacteroides caecimuris I48,6680,7372,6680,7372,0
CDS,with_protein,GCF_001688725.2,NZ_CP015401.2,3368441,3369937,0,WP_065539440.1,SusD/RagB family nutrient-binding outer membrane lipoprotein,susD,A4V03_RS14615,1497,498,Bacteroides caecimuris I48,7400,8896,7400,8896,0
CDS,with_protein,GCF_001688725.2,NZ_CP015401.2,3369950,3372952,0,WP_071807690.1,SusC/RagA family TonB-linked outer membrane protein,susC,A4V03_RS14620,3003,1000,Bacteroides caecimuris I48,8909,11911,8909,11911,0
CDS,with_protein,GCF_001688725.2,NZ_CP015401.2,3373392,3374543,0,WP_065538162.1,ISAs1 family transposase,IS,A4V03_RS14625,1152,383,Bacteroides caecimuris I48,12351,13502,12351,13502,0
CDS,with_protein,GCF_001688725.2,NZ_CP015401.2,3375161,3376345,0,WP_065539441.1,site-specific integrase,xerC,A4V03_RS14630,1185,394,Bacteroides caecimuris I48,14120,15304,14120,15304,0
CDS,with_protein,GCF_001688725.2,NZ_CP015401.2,3376797,3379979,1,WP_065539442.1,SusC/RagA family TonB-linked outer membrane protein,susC,A4V03_RS14635,3183,1060,Bacteroides caecimuris I48,15756,18938,15756,18938,1
CDS,with_protein,GCF_001688725.2,NZ_CP015401.2,3379994,3381661,1,WP_065539443.1,SusD/RagB family nutrient-binding outer membrane lipoprotein,susD,A4V03_RS14640,1668,555,Bacteroides caecimuris I48,18953,20620,18953,20620,1
CDS,with_protein,GCF_001688725.2,NZ_CP015401.2,3381670,3382584,1,WP_065539444.1,hypothetical protein,other,A4V03_RS14645,915,304,Bacteroides caecimuris I48,20629,21543,20629,21543,1
CDS,with_protein,GCF_001688725.2,NZ_CP015401.2,3382730,3383389,0,WP_065539445.1,MarC family protein,marC,A4V03_RS14650,660,219,Bacteroides caecimuris I48,21689,22348,21689,22348,0
CDS,with_protein,GCF_017309675.2,NZ_CP084680.1,1670216,1670881,1,WP_008665785.1,MarC family protein,marC,JXR92_RS06670,666,221,Bacteroides humanifaecis KGMB0793,0,665,39268,39933,0
CDS,with_protein,GCF_017309675.2,NZ_CP084680.1,1670941,1672458,0,WP_005828430.1,RagB/SusD family nutrient uptake outer membrane protein,susD,JXR92_RS06675,1518,505,Bacteroides humanifaecis KGMB0793,725,2242,37691,39208,1
CDS,with_protein,GCF_017309675.2,NZ_CP084680.1,1672476,1675295,0,WP_229096242.1,SusC/RagA family TonB-linked outer membrane protein,susC,JXR92_RS06680,2820,939,Bacteroides humanifaecis KGMB0793,2260,5079,34854,37673,1
CDS,with_protein,GCF_017309675.2,NZ_CP084680.1,1676001,1676162,1,WP_165491379.1,hypothetical protein,other,JXR92_RS06685,162,53,Bacteroides humanifaecis KGMB0793,5785,5946,33987,34148,0
CDS,with_protein,GCF_017309675.2,NZ_CP084680.1,1676391,1677989,0,WP_138346592.1,RagB/SusD family nutrient uptake outer membrane protein,susD,JXR92_RS06690,1599,532,Bacteroides humanifaecis KGMB0793,6175,7773,32160,33758,1
CDS,with_protein,GCF_017309675.2,NZ_CP084680.1,1678010,1680952,0,WP_262905193.1,SusC/RagA family TonB-linked outer membrane protein,susC,JXR92_RS06695,2943,980,Bacteroides humanifaecis KGMB0793,7794,10736,29197,32139,1
CDS,with_protein,GCF_017309675.2,NZ_CP084680.1,1681930,1682739,0,WP_174646375.1,hypothetical protein,other,JXR92_RS06700,810,269,Bacteroides humanifaecis KGMB0793,11714,12523,27410,28219,1
CDS,with_protein,GCF_017309675.2,NZ_CP084680.1,1682771,1684414,0,WP_138346602.1,RagB/SusD family nutrient uptake outer membrane protein,susD,JXR92_RS06705,1644,547,Bacteroides humanifaecis KGMB0793,12555,14198,25735,27378,1
CDS,with_protein,GCF_017309675.2,NZ_CP084680.1,1684439,1687432,0,WP_226791317.1,TonB-dependent receptor,susC,JXR92_RS06710,2994,997,Bacteroides humanifaecis KGMB0793,14223,17216,22717,25710,1
CDS,with_protein,GCF_017309675.2,NZ_CP084680.1,1688138,1688299,1,WP_165491379.1,hypothetical protein,other,JXR92_RS06715,162,53,Bacteroides humanifaecis KGMB0793,17922,18083,21850,22011,0
CDS,with_protein,GCF_017309675.2,NZ_CP084680.1,1688528,1690126,0,WP_138346592.1,RagB/SusD family nutrient uptake outer membrane protein,susD,JXR92_RS06720,1599,532,Bacteroides humanifaecis KGMB0793,18312,19910,20023,21621,1
CDS,with_protein,GCF_017309675.2,NZ_CP084680.1,1690147,1693119,0,WP_226791318.1,SusC/RagA family TonB-linked outer membrane protein,susC,JXR92_RS06725,2973,990,Bacteroides humanifaecis KGMB0793,19931,22903,17030,20002,1
CDS,with_protein,GCF_017309675.2,NZ_CP084680.1,1693536,1694756,1,WP_131225749.1,ATP-binding protein,other,JXR92_RS06730,1221,406,Bacteroides humanifaecis KGMB0793,23320,24540,15393,16613,0
CDS,with_protein,GCF_017309675.2,NZ_CP084680.1,1694852,1695805,0,WP_131225750.1,hypothetical protein,other,JXR92_RS06735,954,317,Bacteroides humanifaecis KGMB0793,24636,25589,14344,15297,1
CDS,with_protein,GCF_017309675.2,NZ_CP084680.1,1695836,1697425,0,WP_138346400.1,RagB/SusD family nutrient uptake outer membrane protein,susD,JXR92_RS06740,1590,529,Bacteroides humanifaecis KGMB0793,25620,27209,12724,14313,1
CDS,with_protein,GCF_017309675.2,NZ_CP084680.1,1697457,1700423,0,WP_138346397.1,SusC/RagA family TonB-linked outer membrane protein,susC,JXR92_RS06745,2967,988,Bacteroides humanifaecis KGMB0793,27241,30207,9726,12692,1
CDS,with_protein,GCF_017309675.2,NZ_CP084680.1,1701259,1702449,0,WP_131225754.1,site-specific integrase,xerC,JXR92_RS06750,1191,396,Bacteroides humanifaecis KGMB0793,31043,32233,7700,8890,1
CDS,with_protein,GCF_017309675.2,NZ_CP084680.1,1702903,1706121,1,WP_226791302.1,TonB-dependent receptor,susC,JXR92_RS06755,3219,1072,Bacteroides humanifaecis KGMB0793,32687,35905,4028,7246,0
CDS,with_protein,GCF_017309675.2,NZ_CP084680.1,1706149,1707777,1,WP_226791303.1,RagB/SusD family nutrient uptake outer membrane protein,susD,JXR92_RS06760,1629,542,Bacteroides humanifaecis KGMB0793,35933,37561,2372,4000,0
CDS,with_protein,GCF_017309675.2,NZ_CP084680.1,1707812,1708729,1,WP_138346406.1,hypothetical protein,other,JXR92_RS06765,918,305,Bacteroides humanifaecis KGMB0793,37596,38513,1420,2337,0
CDS,with_protein,GCF_017309675.2,NZ_CP084680.1,1708893,1710149,1,WP_119961765.1,GTPase HflX,hflX,JXR92_RS06770,1257,418,Bacteroides humanifaecis KGMB0793,38677,39933,0,1256,0
CDS,with_protein,GCF_018289135.1,NZ_CP072216.1,3464623,3465885,0,WP_004326261.1,GTPase HflX,hflX,INE92_RS14805,1263,420,Bacteroides xylanisolvens CL11T00C03,0,1262,0,1262,0
CDS,with_protein,GCF_018289135.1,NZ_CP072216.1,3465988,3467448,0,WP_004299187.1,SusD/RagB family nutrient-binding outer membrane lipoprotein,susD,INE92_RS14810,1461,486,Bacteroides xylanisolvens CL11T00C03,1365,2825,1365,2825,0
CDS,with_protein,GCF_018289135.1,NZ_CP072216.1,3467462,3470578,0,WP_004299186.1,SusC/RagA family TonB-linked outer membrane protein,susC,INE92_RS14815,3117,1038,Bacteroides xylanisolvens CL11T00C03,2839,5955,2839,5955,0
CDS,with_protein,GCF_018289135.1,NZ_CP072216.1,3471028,3472200,1,WP_004326266.1,site-specific integrase,xerC,INE92_RS14820,1173,390,Bacteroides xylanisolvens CL11T00C03,6405,7577,6405,7577,1
CDS,with_protein,GCF_018289135.1,NZ_CP072216.1,3473106,3475904,1,WP_250698624.1,TonB-dependent receptor,susC,INE92_RS14825,2799,932,Bacteroides xylanisolvens CL11T00C03,8483,11281,8483,11281,1
CDS,with_protein,GCF_018289135.1,NZ_CP072216.1,3475924,3477336,1,WP_004299182.1,RagB/SusD family nutrient uptake outer membrane protein,susD,INE92_RS14830,1413,470,Bacteroides xylanisolvens CL11T00C03,11301,12713,11301,12713,1
CDS,with_protein,GCF_018289135.1,NZ_CP072216.1,3477963,3478613,0,WP_004323496.1,MarC family protein,marC,INE92_RS14835,651,216,Bacteroides xylanisolvens CL11T00C03,13340,13990,13340,13990,0
CDS,with_protein,GCF_018292165.1,NZ_CP072255.1,4860098,4860763,1,WP_005835030.1,MarC family protein,marC,INE75_RS20085,666,221,Bacteroides uniformis CL03T12C37 ,0,665,42156,42821,0
CDS,with_protein,GCF_018292165.1,NZ_CP072255.1,4860823,4862340,0,WP_005835032.1,RagB/SusD family nutrient uptake outer membrane protein,susD,INE75_RS20090,1518,505,Bacteroides uniformis CL03T12C37 ,725,2242,40579,42096,1
CDS,with_protein,GCF_018292165.1,NZ_CP072255.1,4862358,4865156,0,WP_034523079.1,SusC/RagA family TonB-linked outer membrane protein,susC,INE75_RS20095,2799,932,Bacteroides uniformis CL03T12C37 ,2260,5058,37763,40561,1
CDS,with_protein,GCF_018292165.1,NZ_CP072255.1,4865805,4867124,1,WP_005835055.1,ATP-binding protein,other,INE75_RS20100,1320,439,Bacteroides uniformis CL03T12C37 ,5707,7026,35795,37114,0
CDS,with_protein,GCF_018292165.1,NZ_CP072255.1,4867449,4869047,0,WP_005835057.1,RagB/SusD family nutrient uptake outer membrane protein,susD,INE75_RS20105,1599,532,Bacteroides uniformis CL03T12C37 ,7351,8949,33872,35470,1
CDS,with_protein,GCF_018292165.1,NZ_CP072255.1,4869068,4871989,0,WP_034523086.1,SusC/RagA family TonB-linked outer membrane protein,susC,INE75_RS20110,2922,973,Bacteroides uniformis CL03T12C37 ,8970,11891,30930,33851,1
CDS,with_protein,GCF_018292165.1,NZ_CP072255.1,4872870,4874060,0,WP_005835062.1,site-specific integrase,xerC,INE75_RS20115,1191,396,Bacteroides uniformis CL03T12C37 ,12772,13962,28859,30049,1
CDS,with_protein,GCF_018292165.1,NZ_CP072255.1,4874514,3041,1,WP_005838277.1,TonB-dependent receptor,susC,INE75_RS00005,3261,1086,Bacteroides uniformis CL03T12C37 ,14416,17677,25144,28405,0
CDS,with_protein,GCF_018292165.1,NZ_CP072255.1,3060,4553,1,WP_005828414.1,RagB/SusD family nutrient uptake outer membrane protein,susD,INE75_RS00010,1494,497,Bacteroides uniformis CL03T12C37 ,17696,19189,23632,25125,0
CDS,without_protein,GCF_018292165.1,NZ_CP072255.1,4706,5848,0,,ATPase,other,INE75_RS00015,1143,,Bacteroides uniformis CL03T12C37 ,19342,20484,22337,23479,1
CDS,with_protein,GCF_018292165.1,NZ_CP072255.1,5984,7204,0,WP_005838282.1,ATP-binding protein,other,INE75_RS00020,1221,406,Bacteroides uniformis CL03T12C37 ,20620,21840,20981,22201,1
CDS,with_protein,GCF_018292165.1,NZ_CP072255.1,7673,10639,1,WP_034523081.1,SusC/RagA family TonB-linked outer membrane protein,susC,INE75_RS00025,2967,988,Bacteroides uniformis CL03T12C37 ,22309,25275,17546,20512,0
CDS,with_protein,GCF_018292165.1,NZ_CP072255.1,10668,12314,1,WP_005835044.1,RagB/SusD family nutrient uptake outer membrane protein,susD,INE75_RS00030,1647,548,Bacteroides uniformis CL03T12C37 ,25304,26950,15871,17517,0
CDS,with_protein,GCF_018292165.1,NZ_CP072255.1,12724,13308,1,WP_034523328.1,zeta toxin family protein,other,INE75_RS00035,585,194,Bacteroides uniformis CL03T12C37 ,27360,27944,14877,15461,0
CDS,with_protein,GCF_018292165.1,NZ_CP072255.1,13295,13486,1,WP_005835040.1,hypothetical protein,other,INE75_RS00040,192,63,Bacteroides uniformis CL03T12C37 ,27931,28122,14699,14890,0
CDS,with_protein,GCF_018292165.1,NZ_CP072255.1,14290,17226,1,WP_262483732.1,TonB-dependent receptor,susC,INE75_RS00045,2937,978,Bacteroides uniformis CL03T12C37 ,28926,31862,10959,13895,0
CDS,with_protein,GCF_018292165.1,NZ_CP072255.1,17245,18705,1,WP_005824584.1,RagB/SusD family nutrient uptake outer membrane protein,susD,INE75_RS00050,1461,486,Bacteroides uniformis CL03T12C37 ,31881,33341,9480,10940,0
CDS,with_protein,GCF_018292165.1,NZ_CP072255.1,18939,19436,0,WP_227980210.1,AAA family ATPase,other,INE75_RS00055,498,165,Bacteroides uniformis CL03T12C37 ,33575,34072,8749,9246,1
CDS,with_protein,GCF_018292165.1,NZ_CP072255.1,19841,20425,1,WP_005824335.1,zeta toxin family protein,other,INE75_RS00060,585,194,Bacteroides uniformis CL03T12C37 ,34477,35061,7760,8344,0
CDS,with_protein,GCF_018292165.1,NZ_CP072255.1,20412,20603,1,WP_005824336.1,hypothetical protein,other,INE75_RS00065,192,63,Bacteroides uniformis CL03T12C37 ,35048,35239,7582,7773,0
CDS,without_protein,GCF_018292165.1,NZ_CP072255.1,21268,24279,1,,SusC/RagA family TonB-linked outer membrane protein,susC,INE75_RS00070,3012,,Bacteroides uniformis CL03T12C37 ,35904,38915,3906,6917,0
CDS,with_protein,GCF_018292165.1,NZ_CP072255.1,24305,25933,1,WP_225982625.1,RagB/SusD family nutrient uptake outer membrane protein,susD,INE75_RS00075,1629,542,Bacteroides uniformis CL03T12C37 ,38941,40569,2252,3880,0
CDS,with_protein,GCF_018292165.1,NZ_CP072255.1,25965,26135,1,WP_005838284.1,hypothetical protein,other,INE75_RS20395,171,56,Bacteroides uniformis CL03T12C37 ,40601,40771,2050,2220,0
CDS,with_protein,GCF_018292165.1,NZ_CP072255.1,26190,26741,1,WP_005838286.1,hypothetical protein,other,INE75_RS00080,552,183,Bacteroides uniformis CL03T12C37 ,40826,41377,1444,1995,0
CDS,with_protein,GCF_018292165.1,NZ_CP072255.1,26929,28185,1,,,hflX,INE75_RS00085,1257,,Bacteroides uniformis CL03T12C37 ,41565,42821,0,1256,0
CDS,with_protein,GCF_031172035.1,NZ_CP133452.1,2037244,2037888,1,WP_005926121.1,MarC family protein,marC,RB604_RS07535,645,214,Bacteroides salyersiae CSP6,0,644,25666,26310,0
CDS,with_protein,GCF_031172035.1,NZ_CP133452.1,2038201,2040423,0,WP_055293475.1,M6 family metalloprotease domain-containing protein,other,RB604_RS07540,2223,740,Bacteroides salyersiae CSP6,957,3179,23131,25353,1
CDS,with_protein,GCF_031172035.1,NZ_CP133452.1,2040515,2041489,0,WP_005926116.1,hypothetical protein,other,RB604_RS07545,975,324,Bacteroides salyersiae CSP6,3271,4245,22065,23039,1
CDS,with_protein,GCF_031172035.1,NZ_CP133452.1,2041533,2043011,0,WP_005926113.1,RagB/SusD family nutrient uptake outer membrane protein,susD,RB604_RS07550,1479,492,Bacteroides salyersiae CSP6,4289,5767,20543,22021,1
CDS,with_protein,GCF_031172035.1,NZ_CP133452.1,2043025,2045931,0,WP_309009407.1,TonB-dependent receptor,susC,RB604_RS07555,2907,968,Bacteroides salyersiae CSP6,5781,8687,17623,20529,1
CDS,with_protein,GCF_031172035.1,NZ_CP133452.1,2046328,2048166,0,WP_055293483.1,thiol protease/hemagglutinin PrtT,other,RB604_RS07560,1839,612,Bacteroides salyersiae CSP6,9084,10922,15388,17226,1
CDS,with_protein,GCF_031172035.1,NZ_CP133452.1,2048282,2049208,0,WP_007478781.1,hypothetical protein,other,RB604_RS07565,927,308,Bacteroides salyersiae CSP6,11038,11964,14346,15272,1
CDS,with_protein,GCF_031172035.1,NZ_CP133452.1,2049239,2050888,0,WP_005926100.1,RagB/SusD family nutrient uptake outer membrane protein,susD,RB604_RS07570,1650,549,Bacteroides salyersiae CSP6,11995,13644,12666,14315,1
CDS,with_protein,GCF_031172035.1,NZ_CP133452.1,2050913,2053885,0,WP_259029937.1,TonB-dependent receptor,susC,RB604_RS07575,2973,990,Bacteroides salyersiae CSP6,13669,16641,9669,12641,1
CDS,with_protein,GCF_031172035.1,NZ_CP133452.1,2054825,2056006,0,WP_007478783.1,site-specific integrase,xerC,RB604_RS07580,1182,393,Bacteroides salyersiae CSP6,17581,18762,7548,8729,1
CDS,with_protein,GCF_031172035.1,NZ_CP133452.1,2056458,2059682,1,WP_240050233.1,TonB-dependent receptor,susC,RB604_RS07585,3225,1074,Bacteroides salyersiae CSP6,19214,22438,3872,7096,0
CDS,with_protein,GCF_031172035.1,NZ_CP133452.1,2059702,2061351,1,WP_005926063.1,RagB/SusD family nutrient uptake outer membrane protein,susD,RB604_RS07590,1650,549,Bacteroides salyersiae CSP6,22458,24107,2203,3852,0
CDS,with_protein,GCF_031172035.1,NZ_CP133452.1,2061716,2062252,1,WP_005926061.1,hypothetical protein,other,RB604_RS07595,537,178,Bacteroides salyersiae CSP6,24472,25008,1302,1838,0
CDS,with_protein,GCF_031172035.1,NZ_CP133452.1,2062292,2063554,1,WP_007478779.1,GTPase HflX,hflX,RB604_RS07600,1263,420,Bacteroides salyersiae CSP6,25048,26310,0,1262,0
CDS,with_protein,GCF_018292205.1,NZ_CP072258.1,85896,87152,0,WP_005678644.1,GTPase HflX,hflX,INE72_RS00385,1257,418,Bacteroides caccae CL03T12C61,0,1256,0,1256,0
CDS,with_protein,GCF_018292205.1,NZ_CP072258.1,87332,88213,0,WP_005682621.1,hypothetical protein,other,INE72_RS00390,882,293,Bacteroides caccae CL03T12C61,1436,2317,1436,2317,0
CDS,with_protein,GCF_018292205.1,NZ_CP072258.1,88227,89852,0,WP_005678642.1,RagB/SusD family nutrient uptake outer membrane protein,susD,INE72_RS00395,1626,541,Bacteroides caccae CL03T12C61,2331,3956,2331,3956,0
CDS,with_protein,GCF_018292205.1,NZ_CP072258.1,89870,92923,0,WP_187171387.1,TonB-dependent receptor,susC,INE72_RS00400,3054,1017,Bacteroides caccae CL03T12C61,3974,7027,3974,7027,0
CDS,with_protein,GCF_018292205.1,NZ_CP072258.1,93504,94697,0,WP_005682618.1,site-specific integrase,xerC,INE72_RS00405,1194,397,Bacteroides caccae CL03T12C61,7608,8801,7608,8801,0
CDS,with_protein,GCF_018292205.1,NZ_CP072258.1,95147,98335,1,WP_032838531.1,SusC/RagA family TonB-linked outer membrane protein,susC,INE72_RS00410,3189,1062,Bacteroides caccae CL03T12C61,9251,12439,9251,12439,1
CDS,with_protein,GCF_018292205.1,NZ_CP072258.1,98352,99911,1,WP_005682615.1,SusD/RagB family nutrient-binding outer membrane lipoprotein,susD,INE72_RS00415,1560,519,Bacteroides caccae CL03T12C61,12456,14015,12456,14015,1
CDS,with_protein,GCF_018292205.1,NZ_CP072258.1,99982,100641,0,WP_005682614.1,MarC family protein,marC,INE72_RS00420,660,219,Bacteroides caccae CL03T12C61,14086,14745,14086,14745,0
CDS,with_protein,GCF_020091505.1,NZ_CP081916.1,134356,135615,0,WP_055270586.1,GTPase HflX,hflX,K6V30_RS00975,1260,419,Bacteroides faecis BFG-108,0,1259,0,1259,0
CDS,with_protein,GCF_020091505.1,NZ_CP081916.1,135721,137181,0,WP_022301465.1,SusD/RagB family nutrient-binding outer membrane lipoprotein,susD,K6V30_RS00980,1461,486,Bacteroides faecis BFG-108,1365,2825,1365,2825,0
CDS,with_protein,GCF_020091505.1,NZ_CP081916.1,137201,140101,0,WP_055270589.1,SusC/RagA family TonB-linked outer membrane protein,susC,K6V30_RS00985,2901,966,Bacteroides faecis BFG-108,2845,5745,2845,5745,0
CDS,with_protein,GCF_020091505.1,NZ_CP081916.1,140569,141069,0,WP_055270591.1,lipid-binding protein,other,K6V30_RS00990,501,166,Bacteroides faecis BFG-108,6213,6713,6213,6713,0
CDS,with_protein,GCF_020091505.1,NZ_CP081916.1,141080,141772,0,WP_022301463.1,BT_2262 family domain-containing protein,other,K6V30_RS00995,693,230,Bacteroides faecis BFG-108,6724,7416,6724,7416,0
CDS,with_protein,GCF_020091505.1,NZ_CP081916.1,141800,143296,0,WP_055270593.1,SusD/RagB family nutrient-binding outer membrane lipoprotein,susD,K6V30_RS01000,1497,498,Bacteroides faecis BFG-108,7444,8940,7444,8940,0
CDS,with_protein,GCF_020091505.1,NZ_CP081916.1,143309,146500,0,WP_224207237.1,SusC/RagA family TonB-linked outer membrane protein,susC,K6V30_RS01005,3192,1063,Bacteroides faecis BFG-108,8953,12144,8953,12144,0
CDS,with_protein,GCF_020091505.1,NZ_CP081916.1,146952,148142,1,WP_010539501.1,site-specific integrase,xerC,K6V30_RS01010,1191,396,Bacteroides faecis BFG-108,12596,13786,12596,13786,1
CDS,with_protein,GCF_020091505.1,NZ_CP081916.1,148964,151870,1,WP_262903700.1,TonB-dependent receptor,susC,K6V30_RS01015,2907,968,Bacteroides faecis BFG-108,14608,17514,14608,17514,1
CDS,with_protein,GCF_020091505.1,NZ_CP081916.1,151890,153299,1,WP_055270601.1,RagB/SusD family nutrient uptake outer membrane protein,susD,K6V30_RS01020,1410,469,Bacteroides faecis BFG-108,17534,18943,17534,18943,1
CDS,without_protein,GCF_020091505.1,NZ_CP081916.1,153394,155055,0,,IS1182-like element ISBthe2 family transposase,IS,K6V30_RS01025,1662,,Bacteroides faecis BFG-108,19038,20699,19038,20699,0
CDS,with_protein,GCF_020091505.1,NZ_CP081916.1,155246,155905,0,WP_010535335.1,MarC family protein,marC,K6V30_RS01030,660,219,Bacteroides faecis BFG-108,20890,21549,20890,21549,0
CDS,with_protein,GCF_018292125.1,NZ_CP072251.1,7132700,7133959,0,WP_007213076.1,GTPase HflX,hflX,INE78_RS27305,1260,419,Bacteroides cellulosilyticus CL06T03C01,0,1259,0,1259,0
CDS,with_protein,GCF_018292125.1,NZ_CP072251.1,7134000,7134542,0,WP_007219643.1,hypothetical protein,other,INE78_RS27310,543,180,Bacteroides cellulosilyticus CL06T03C01,1300,1842,1300,1842,0
CDS,with_protein,GCF_018292125.1,NZ_CP072251.1,7134539,7136386,0,WP_007219644.1,thiol protease/hemagglutinin PrtT,other,INE78_RS27315,1848,615,Bacteroides cellulosilyticus CL06T03C01,1839,3686,1839,3686,0
CDS,with_protein,GCF_018292125.1,NZ_CP072251.1,7136629,7139160,0,WP_060407974.1,thiol protease/hemagglutinin PrtT,other,INE78_RS27320,2532,843,Bacteroides cellulosilyticus CL06T03C01,3929,6460,3929,6460,0
CDS,with_protein,GCF_018292125.1,NZ_CP072251.1,7139336,7140967,0,WP_118401606.1,RagB/SusD family nutrient uptake outer membrane protein,susD,INE78_RS27325,1632,543,Bacteroides cellulosilyticus CL06T03C01,6636,8267,6636,8267,0
CDS,with_protein,GCF_018292125.1,NZ_CP072251.1,7140988,7143939,0,WP_026367597.1,TonB-dependent receptor,susC,INE78_RS27330,2952,983,Bacteroides cellulosilyticus CL06T03C01,8288,11239,8288,11239,0
CDS,with_protein,GCF_018292125.1,NZ_CP072251.1,7144744,7146246,0,WP_007219743.1,RagB/SusD family nutrient uptake outer membrane protein,susD,INE78_RS27335,1503,500,Bacteroides cellulosilyticus CL06T03C01,12044,13546,12044,13546,0
CDS,with_protein,GCF_018292125.1,NZ_CP072251.1,7146264,7149314,0,WP_034755122.1,SusC/RagA family TonB-linked outer membrane protein,susC,INE78_RS27340,3051,1016,Bacteroides cellulosilyticus CL06T03C01,13564,16614,13564,16614,0
CDS,with_protein,GCF_018292125.1,NZ_CP072251.1,7150026,7150985,0,WP_195507138.1,hypothetical protein,other,INE78_RS27345,960,319,Bacteroides cellulosilyticus CL06T03C01,17326,18285,17326,18285,0
CDS,with_protein,GCF_018292125.1,NZ_CP072251.1,7151009,7152598,0,WP_007212736.1,RagB/SusD family nutrient uptake outer membrane protein,susD,INE78_RS27350,1590,529,Bacteroides cellulosilyticus CL06T03C01,18309,19898,18309,19898,0
CDS,with_protein,GCF_018292125.1,NZ_CP072251.1,7152631,7155576,0,WP_007212737.1,SusC/RagA family TonB-linked outer membrane protein,susC,INE78_RS27355,2946,981,Bacteroides cellulosilyticus CL06T03C01,19931,22876,19931,22876,0
CDS,with_protein,GCF_018292125.1,NZ_CP072251.1,7156204,7156440,0,WP_227087798.1,RagB/SusD family nutrient uptake outer membrane protein,susD,INE78_RS27360,237,78,Bacteroides cellulosilyticus CL06T03C01,23504,23740,23504,23740,0
CDS,with_protein,GCF_018292125.1,NZ_CP072251.1,7156817,7158454,0,WP_007219741.1,RagB/SusD family nutrient uptake outer membrane protein,susD,INE78_RS27365,1638,545,Bacteroides cellulosilyticus CL06T03C01,24117,25754,24117,25754,0
CDS,with_protein,GCF_018292125.1,NZ_CP072251.1,7158483,7161449,0,WP_034755120.1,SusC/RagA family TonB-linked outer membrane protein,susC,INE78_RS27370,2967,988,Bacteroides cellulosilyticus CL06T03C01,25783,28749,25783,28749,0
CDS,with_protein,GCF_018292125.1,NZ_CP072251.1,7162013,7162807,0,WP_007219738.1,hypothetical protein,other,INE78_RS27375,795,264,Bacteroides cellulosilyticus CL06T03C01,29313,30107,29313,30107,0
CDS,with_protein,GCF_018292125.1,NZ_CP072251.1,7162836,7164392,0,WP_007219737.1,RagB/SusD family nutrient uptake outer membrane protein,susD,INE78_RS27380,1557,518,Bacteroides cellulosilyticus CL06T03C01,30136,31692,30136,31692,0
CDS,with_protein,GCF_018292125.1,NZ_CP072251.1,7164415,7167336,0,WP_245006242.1,SusC/RagA family TonB-linked outer membrane protein,susC,INE78_RS27385,2922,973,Bacteroides cellulosilyticus CL06T03C01,31715,34636,31715,34636,0
CDS,with_protein,GCF_018292125.1,NZ_CP072251.1,7168241,7169434,0,WP_007212827.1,site-specific integrase,xerC,INE78_RS27390,1194,397,Bacteroides cellulosilyticus CL06T03C01,35541,36734,35541,36734,0
CDS,with_protein,GCF_018292125.1,NZ_CP072251.1,7169887,80,1,WP_245006243.1,carboxypeptidase-like regulatory domain-containing protein,susC,INE78_RS00005,345,114,Bacteroides cellulosilyticus CL06T03C01,37187,37532,37187,37532,1
CDS,with_protein,GCF_018292125.1,NZ_CP072251.1,277,3222,1,WP_007212737.1,SusC/RagA family TonB-linked outer membrane protein,susC,INE78_RS00010,2946,981,Bacteroides cellulosilyticus CL06T03C01,37729,40674,37729,40674,1
CDS,with_protein,GCF_018292125.1,NZ_CP072251.1,3255,4109,1,WP_245006244.1,RagB/SusD family nutrient uptake outer membrane protein,susD,INE78_RS27990,855,284,Bacteroides cellulosilyticus CL06T03C01,40707,41561,40707,41561,1
CDS,with_protein,GCF_018292125.1,NZ_CP072251.1,4087,4884,1,WP_245006245.1,RagB/SusD family nutrient uptake outer membrane protein,susD,INE78_RS27995,798,265,Bacteroides cellulosilyticus CL06T03C01,41539,42336,41539,42336,1
CDS,with_protein,GCF_018292125.1,NZ_CP072251.1,4868,5215,1,WP_245006246.1,hypothetical protein,other,INE78_RS28000,348,115,Bacteroides cellulosilyticus CL06T03C01,42320,42667,42320,42667,1
CDS,with_protein,GCF_018292125.1,NZ_CP072251.1,5229,5828,1,WP_245006247.1,hypothetical protein,other,INE78_RS28005,600,199,Bacteroides cellulosilyticus CL06T03C01,42681,43280,42681,43280,1
CDS,with_protein,GCF_018292125.1,NZ_CP072251.1,6541,9591,1,WP_034755122.1,SusC/RagA family TonB-linked outer membrane protein,susC,INE78_RS00025,3051,1016,Bacteroides cellulosilyticus CL06T03C01,43993,47043,43993,47043,1
CDS,with_protein,GCF_018292125.1,NZ_CP072251.1,9609,11111,1,WP_007219743.1,RagB/SusD family nutrient uptake outer membrane protein,susD,INE78_RS00030,1503,500,Bacteroides cellulosilyticus CL06T03C01,47061,48563,47061,48563,1
CDS,with_protein,GCF_018292125.1,NZ_CP072251.1,11916,14855,1,WP_029427385.1,SusC/RagA family TonB-linked outer membrane protein,susC,INE78_RS00035,2940,979,Bacteroides cellulosilyticus CL06T03C01,49368,52307,49368,52307,1
CDS,with_protein,GCF_018292125.1,NZ_CP072251.1,14884,16479,1,WP_211480310.1,RagB/SusD family nutrient uptake outer membrane protein,susD,INE78_RS00040,1596,531,Bacteroides cellulosilyticus CL06T03C01,52336,53931,52336,53931,1
CDS,with_protein,GCF_018292125.1,NZ_CP072251.1,16515,17399,1,WP_007212580.1,hypothetical protein,other,INE78_RS00045,885,294,Bacteroides cellulosilyticus CL06T03C01,53967,54851,53967,54851,1
CDS,with_protein,GCF_018292125.1,NZ_CP072251.1,17465,18109,0,WP_007212579.1,MarC family protein,marC,INE78_RS00050,645,214,Bacteroides cellulosilyticus CL06T03C01,54917,55561,54917,55561,0
CDS,protein-coding,GCF_013009555.1,NZ_CP046176.1,737975,738664,1,WP_007836420.1,YjjG family noncanonical pyrimidine nucleotidase,YjjG,GKD17_RS02825,,229,Phocaeicola dorei DSM 17855,0,689,25622,26311,0
CDS,protein-coding,GCF_013009555.1,NZ_CP046176.1,738879,740420,0,WP_007836419.1,RagB/SusD family nutrient uptake outer membrane protein,susD,GKD17_RS02830,,513,Phocaeicola dorei DSM 17855,904,2445,23866,25407,1
CDS,protein-coding,GCF_013009555.1,NZ_CP046176.1,740523,743321,0,WP_007836416.1,SusC/RagA family TonB-linked outer membrane protein,susC,GKD17_RS02835,,932,Phocaeicola dorei DSM 17855,2548,5346,20965,23763,1
CDS,protein-coding,GCF_013009555.1,NZ_CP046176.1,743571,745067,0,WP_007836414.1,RagB/SusD family nutrient uptake outer membrane protein,susD,GKD17_RS02840,,498,Phocaeicola dorei DSM 17855,5596,7092,19219,20715,1
CDS,protein-coding,GCF_013009555.1,NZ_CP046176.1,745080,748208,0,WP_007836412.1,SusC/RagA family TonB-linked outer membrane protein,susC,GKD17_RS02845,,1042,Phocaeicola dorei DSM 17855,7105,10233,16078,19206,1
CDS,protein-coding,GCF_013009555.1,NZ_CP046176.1,748577,749737,1,WP_007836410.1,site-specific integrase,xerC,GKD17_RS02850,,386,Phocaeicola dorei DSM 17855,10602,11762,14549,15709,0
CDS,protein-coding,GCF_013009555.1,NZ_CP046176.1,749857,750630,1,WP_007839296.1,IS5 family transposase,IS,GKD17_RS02855,,257,Phocaeicola dorei DSM 17855,11882,12655,13656,14429,0
CDS,protein-coding,GCF_013009555.1,NZ_CP046176.1,752023,754962,1,WP_007836407.1,SusC/RagA family TonB-linked outer membrane protein,susC,GKD17_RS02860,,979,Phocaeicola dorei DSM 17855,14048,16987,9324,12263,0
CDS,protein-coding,GCF_013009555.1,NZ_CP046176.1,754987,756528,1,WP_007836406.1,RagB/SusD family nutrient uptake outer membrane protein,susD,GKD17_RS02865,,513,Phocaeicola dorei DSM 17855,17012,18553,7758,9299,0
CDS,protein-coding,GCF_013009555.1,NZ_CP046176.1,756553,757341,1,WP_007836405.1,hypothetical protein,other,GKD17_RS02870,,262,Phocaeicola dorei DSM 17855,18578,19366,6945,7733,0
CDS,protein-coding,GCF_013009555.1,NZ_CP046176.1,758380,761331,1,WP_007836400.1,SusC/RagA family TonB-linked outer membrane protein,susC,GKD17_RS02875,,983,Phocaeicola dorei DSM 17855,20405,23356,2955,5906,0
CDS,protein-coding,GCF_013009555.1,NZ_CP046176.1,761355,762941,1,WP_007836399.1,RagB/SusD family nutrient uptake outer membrane protein,susD,GKD17_RS02880,,528,Phocaeicola dorei DSM 17855,23380,24966,1345,2931,0
CDS,protein-coding,GCF_013009555.1,NZ_CP046176.1,763033,764286,1,WP_007836398.1,GTPase HflX,hflX,GKD17_RS02885,,417,Phocaeicola dorei DSM 17855,25058,26311,0,1253,0
CDS,protein-coding,GCF_000012825.1,NC_009614.1,2383840,2384529,1,WP_005842658.1,YjjG family noncanonical pyrimidine nucleotidase,YjjG,BVU_RS09320,,229,Phocaeicola vulgatus ATCC 8482,0,689,35145,35834,0
CDS,protein-coding,GCF_000012825.1,NC_009614.1,2384680,2386155,0,WP_005842656.1,RagB/SusD family nutrient uptake outer membrane protein,susD,BVU_RS09325,,491,Phocaeicola vulgatus ATCC 8482,840,2315,33519,34994,1
CDS,protein-coding,GCF_000012825.1,NC_009614.1,2386184,2389192,0,WP_005849136.1,TonB-dependent receptor,susC,BVU_RS09330,,1002,Phocaeicola vulgatus ATCC 8482,2344,5352,30482,33490,1
CDS,protein-coding,GCF_000012825.1,NC_009614.1,2389560,2390720,1,WP_011965357.1,site-specific integrase,xerC,BVU_RS09335,,386,Phocaeicola vulgatus ATCC 8482,5720,6880,28954,30114,0
CDS,protein-coding,GCF_000012825.1,NC_009614.1,2391332,2394271,1,WP_117615958.1,TonB-dependent receptor,susC,BVU_RS09340,,979,Phocaeicola vulgatus ATCC 8482,7492,10431,25403,28342,0
CDS,protein-coding,GCF_000012825.1,NC_009614.1,2394296,2395837,1,WP_005839570.1,RagB/SusD family nutrient uptake outer membrane protein,susD,BVU_RS09345,,513,Phocaeicola vulgatus ATCC 8482,10456,11997,23837,25378,0
CDS,protein-coding,GCF_000012825.1,NC_009614.1,2395862,2396650,1,WP_005839567.1,hypothetical protein,other,BVU_RS09350,,262,Phocaeicola vulgatus ATCC 8482,12022,12810,23024,23812,0
CDS,protein-coding,GCF_000012825.1,NC_009614.1,2397644,2400601,1,WP_049764195.1,TonB-dependent receptor,susC,BVU_RS09360,,985,Phocaeicola vulgatus ATCC 8482,13804,16761,19073,22030,0
CDS,protein-coding,GCF_000012825.1,NC_009614.1,2400620,2402143,1,WP_011965361.1,RagB/SusD family nutrient uptake outer membrane protein,susD,BVU_RS09365,,507,Phocaeicola vulgatus ATCC 8482,16780,18303,17531,19054,0
CDS,protein-coding,GCF_000012825.1,NC_009614.1,2402288,2403943,1,WP_011965362.1,IS1182 family transposase,IS,BVU_RS09370,,551,Phocaeicola vulgatus ATCC 8482,18448,20103,15731,17386,0
CDS,protein-coding,GCF_000012825.1,NC_009614.1,2404399,2407332,1,WP_080510696.1,TonB-dependent receptor,susC,BVU_RS09375,,977,Phocaeicola vulgatus ATCC 8482,20559,23492,12342,15275,0
CDS,protein-coding,GCF_000012825.1,NC_009614.1,2407351,2408829,1,WP_005847051.1,RagB/SusD family nutrient uptake outer membrane protein,susD,BVU_RS09380,,492,Phocaeicola vulgatus ATCC 8482,23511,24989,10845,12323,0
CDS,protein-coding,GCF_000012825.1,NC_009614.1,2409098,2412010,1,WP_080510697.1,TonB-dependent receptor,susC,BVU_RS09385,,970,Phocaeicola vulgatus ATCC 8482,25258,28170,7664,10576,0
CDS,protein-coding,GCF_000012825.1,NC_009614.1,2412023,2413519,1,WP_005839145.1,RagB/SusD family nutrient uptake outer membrane protein,susD,BVU_RS09390,,498,Phocaeicola vulgatus ATCC 8482,28183,29679,6155,7651,0
CDS,protein-coding,GCF_000012825.1,NC_009614.1,2413702,2416719,1,WP_011965365.1,TonB-dependent receptor,susC,BVU_RS09395,,1005,Phocaeicola vulgatus ATCC 8482,29862,32879,2955,5972,0
CDS,protein-coding,GCF_000012825.1,NC_009614.1,2416743,2418329,1,WP_005839819.1,RagB/SusD family nutrient uptake outer membrane protein,susD,BVU_RS09400,,528,Phocaeicola vulgatus ATCC 8482,32903,34489,1345,2931,0
CDS,protein-coding,GCF_000012825.1,NC_009614.1,2418421,2419674,1,WP_005839821.1,GTPase HflX,hflX,BVU_RS09405,,417,Phocaeicola vulgatus ATCC 8482,34581,35834,0,1253,0
CDS,protein-coding,GCF_000190575.1,NC_015164.1,3347564,3349039,0,,RagB/SusD family nutrient uptake outer membrane protein,susD,BACSA_RS14345,,491,Phocaeicola salanitronis DSM 18170,0,1475,27301,28776,1
CDS,protein-coding,GCF_000190575.1,NC_015164.1,3349073,3351868,0,,TonB-dependent receptor,susC,BACSA_RS14350,,931,Phocaeicola salanitronis DSM 18170,1509,4304,24472,27267,1
CDS,protein-coding,GCF_000190575.1,NC_015164.1,3352076,3352294,1,,DUF3791 domain-containing protein,other,BACSA_RS14355,,72,Phocaeicola salanitronis DSM 18170,4512,4730,24046,24264,0
CDS,protein-coding,GCF_000190575.1,NC_015164.1,3352291,3352764,1,,DUF3990 domain-containing protein,other,BACSA_RS14360,,157,Phocaeicola salanitronis DSM 18170,4727,5200,23576,24049,0
CDS,protein-coding,GCF_000190575.1,NC_015164.1,3352761,3353024,1,,hypothetical protein,other,BACSA_RS14365,,87,Phocaeicola salanitronis DSM 18170,5197,5460,23316,23579,0
CDS,pseudogene,GCF_000190575.1,NC_015164.1,3353435,3353884,1,,uncharacterized gene,other,BACSA_RS14370,,,Phocaeicola salanitronis DSM 18170,5871,6320,22456,22905,0
CDS,protein-coding,GCF_000190575.1,NC_015164.1,3354219,3355016,0,,hypothetical protein,other,BACSA_RS14375,,265,Phocaeicola salanitronis DSM 18170,6655,7452,21324,22121,1
CDS,protein-coding,GCF_000190575.1,NC_015164.1,3355047,3356588,0,,RagB/SusD family nutrient uptake outer membrane protein,susD,BACSA_RS14380,,513,Phocaeicola salanitronis DSM 18170,7483,9024,19752,21293,1
CDS,protein-coding,GCF_000190575.1,NC_015164.1,3356613,3359615,0,,TonB-dependent receptor,susC,BACSA_RS14385,,1000,Phocaeicola salanitronis DSM 18170,9049,12051,16725,19727,1
CDS,protein-coding,GCF_000190575.1,NC_015164.1,3359819,3361039,1,,ATP-binding protein,other,BACSA_RS14390,,406,Phocaeicola salanitronis DSM 18170,12255,13475,15301,16521,0
CDS,protein-coding,GCF_000190575.1,NC_015164.1,3361129,3361920,0,,hypothetical protein,other,BACSA_RS14395,,263,Phocaeicola salanitronis DSM 18170,13565,14356,14420,15211,1
CDS,protein-coding,GCF_000190575.1,NC_015164.1,3361948,3363492,0,,RagB/SusD family nutrient uptake outer membrane protein,susD,BACSA_RS14400,,514,Phocaeicola salanitronis DSM 18170,14384,15928,12848,14392,1
CDS,protein-coding,GCF_000190575.1,NC_015164.1,3363514,3366498,0,,TonB-dependent receptor,susC,BACSA_RS14405,,994,Phocaeicola salanitronis DSM 18170,15950,18934,9842,12826,1
CDS,protein-coding,GCF_000190575.1,NC_015164.1,3366676,3367803,0,,ATP-binding protein,other,BACSA_RS14410,,375,Phocaeicola salanitronis DSM 18170,19112,20239,8537,9664,1
CDS,protein-coding,GCF_000190575.1,NC_015164.1,3368486,3369643,0,,site-specific integrase,xerC,BACSA_RS14420,,385,Phocaeicola salanitronis DSM 18170,20922,22079,6697,7854,1
CDS,protein-coding,GCF_000190575.1,NC_015164.1,3369917,3373117,1,,TonB-dependent receptor,susC,BACSA_RS14425,,1066,Phocaeicola salanitronis DSM 18170,22353,25553,3223,6423,0
CDS,protein-coding,GCF_000190575.1,NC_015164.1,3373149,3374765,1,,RagB/SusD family nutrient uptake outer membrane protein,susD,BACSA_RS14430,,538,Phocaeicola salanitronis DSM 18170,25585,27201,1575,3191,0
CDS,protein-coding,GCF_000190575.1,NC_015164.1,3375075,3376340,1,,GTPase HflX,hflX,BACSA_RS14435,,421,Phocaeicola salanitronis DSM 18170,27511,28776,0,1265,0
CDS,protein-coding,GCF_016888945.1,NZ_CP069440.1,3016820,3018076,0,WP_008143911.1,GTPase HflX,hflX,I6J50_RS12820,,418,Phocaeicola coprophilus,0,1256,0,1256,0
CDS,protein-coding,GCF_016888945.1,NZ_CP069440.1,3018572,3020098,0,WP_008143917.1,RagB/SusD family nutrient uptake outer membrane protein,susD,I6J50_RS12825,,508,Phocaeicola coprophilus,1752,3278,1752,3278,0
CDS,protein-coding,GCF_016888945.1,NZ_CP069440.1,3020117,3023155,0,WP_008143921.1,TonB-dependent receptor,susC,I6J50_RS12830,,1012,Phocaeicola coprophilus,3297,6335,3297,6335,0
CDS,protein-coding,GCF_016888945.1,NZ_CP069440.1,3023497,3024678,1,WP_008143922.1,site-specific integrase,xerC,I6J50_RS12835,,393,Phocaeicola coprophilus,6677,7858,6677,7858,1
CDS,protein-coding,GCF_016888945.1,NZ_CP069440.1,3025023,3027944,1,WP_040311477.1,TonB-dependent receptor,susC,I6J50_RS12840,,973,Phocaeicola coprophilus,8203,11124,8203,11124,1
CDS,protein-coding,GCF_016888945.1,NZ_CP069440.1,3027972,3029510,1,WP_040311463.1,RagB/SusD family nutrient uptake outer membrane protein,susD,I6J50_RS12845,,512,Phocaeicola coprophilus,11152,12690,11152,12690,1
CDS,protein-coding,GCF_000187895.1,NZ_DS990118.1,104021,105277,0,WP_007557823.1,GTPase HflX,hflX,BACPLE_RS00410,,418,Phocaeicola plebeius DSM 17135,0,1256,0,1256,0
CDS,protein-coding,GCF_000187895.1,NZ_DS990118.1,105361,106749,0,WP_007557825.1,RagB/SusD family nutrient uptake outer membrane protein,susD,BACPLE_RS00415,,462,Phocaeicola plebeius DSM 17135,1340,2728,1340,2728,0
CDS,protein-coding,GCF_000187895.1,NZ_DS990118.1,106777,109932,0,WP_007557827.1,SusC/RagA family TonB-linked outer membrane protein,susC,BACPLE_RS00420,,1051,Phocaeicola plebeius DSM 17135,2756,5911,2756,5911,0
CDS,protein-coding,GCF_000187895.1,NZ_DS990118.1,110273,111436,1,WP_007557831.1,site-specific integrase,xerC,BACPLE_RS00430,,387,Phocaeicola plebeius DSM 17135,6252,7415,6252,7415,1
CDS,protein-coding,GCF_000187895.1,NZ_DS990118.1,111870,114692,1,WP_262501060.1,SusC/RagA family TonB-linked outer membrane protein,susC,BACPLE_RS00435,,940,Phocaeicola plebeius DSM 17135,7849,10671,7849,10671,1
CDS,protein-coding,GCF_000187895.1,NZ_DS990118.1,114712,116238,1,WP_007557835.1,RagB/SusD family nutrient uptake outer membrane protein,susD,BACPLE_RS00440,,508,Phocaeicola plebeius DSM 17135,10691,12217,10691,12217,1
CDS,protein-coding,GCF_900128475.1,NZ_LT635835.1,427809,429071,0,WP_022021900.1,GTPase HflX,hflX,BQ7483_RS04240,,420,Mediterranea massiliensis PRJEB18047,0,1262,0,1262,0
CDS,protein-coding,GCF_900128475.1,NZ_LT635835.1,429261,430394,0,WP_162274240.1,fimbrillin family protein,other,BQ7483_RS04245,,377,Mediterranea massiliensis PRJEB18047,1452,2585,1452,2585,0
CDS,protein-coding,GCF_900128475.1,NZ_LT635835.1,430406,432190,0,WP_072544899.1,C10 family peptidase,other,BQ7483_RS04250,,594,Mediterranea massiliensis PRJEB18047,2597,4381,2597,4381,0
CDS,protein-coding,GCF_900128475.1,NZ_LT635835.1,432289,433098,0,WP_139247526.1,fibronectin type III domain-containing protein,other,BQ7483_RS04255,,269,Mediterranea massiliensis PRJEB18047,4480,5289,4480,5289,0
CDS,protein-coding,GCF_900128475.1,NZ_LT635835.1,433133,434665,0,WP_072544901.1,RagB/SusD family nutrient uptake outer membrane protein,susD,BQ7483_RS04260,,510,Mediterranea massiliensis PRJEB18047,5324,6856,5324,6856,0
CDS,protein-coding,GCF_900128475.1,NZ_LT635835.1,434686,437619,0,WP_072544902.1,SusC/RagA family TonB-linked outer membrane protein,susC,BQ7483_RS04265,,977,Mediterranea massiliensis PRJEB18047,6877,9810,6877,9810,0
CDS,protein-coding,GCF_900128475.1,NZ_LT635835.1,438185,439828,0,WP_072544903.1,RagB/SusD family nutrient uptake outer membrane protein,susD,BQ7483_RS04270,,547,Mediterranea massiliensis PRJEB18047,10376,12019,10376,12019,0
CDS,protein-coding,GCF_900128475.1,NZ_LT635835.1,439855,442857,0,WP_262493911.1,SusC/RagA family TonB-linked outer membrane protein,susC,BQ7483_RS04275,,1000,Mediterranea massiliensis PRJEB18047,12046,15048,12046,15048,0
CDS,protein-coding,GCF_900128475.1,NZ_LT635835.1,443106,444188,1,WP_072544904.1,linear amide C-N hydrolase,other,BQ7483_RS04280,,360,Mediterranea massiliensis PRJEB18047,15297,16379,15297,16379,1
CDS,protein-coding,GCF_900128475.1,NZ_LT635835.1,444476,445681,0,WP_072544905.1,site-specific integrase,xerC,BQ7483_RS04285,,401,Mediterranea massiliensis PRJEB18047,16667,17872,16667,17872,0
CDS,protein-coding,GCF_900128475.1,NZ_LT635835.1,446134,449112,1,WP_072544906.1,TonB-dependent receptor,susC,BQ7483_RS04290,,992,Mediterranea massiliensis PRJEB18047,18325,21303,18325,21303,1
CDS,protein-coding,GCF_900128475.1,NZ_LT635835.1,449140,450699,1,WP_162274241.1,RagB/SusD family nutrient uptake outer membrane protein,susD,BQ7483_RS04295,,519,Mediterranea massiliensis PRJEB18047,21331,22890,21331,22890,1
CDS,protein-coding,GCF_900128475.1,NZ_LT635835.1,450731,451582,1,WP_021847460.1,hypothetical protein,other,BQ7483_RS04300,,283,Mediterranea massiliensis PRJEB18047,22922,23773,22922,23773,1
CDS,protein-coding,GCF_900128475.1,NZ_LT635835.1,451662,453380,1,WP_072544908.1,M64 family metallopeptidase,other,BQ7483_RS04305,,572,Mediterranea massiliensis PRJEB18047,23853,25571,23853,25571,1
CDS,protein-coding,GCF_900128475.1,NZ_LT635835.1,453486,454142,0,WP_072544909.1,MarC family protein,marC,BQ7483_RS04310,,218,Mediterranea massiliensis PRJEB18047,25677,26333,25677,26333,0
CDS,protein-coding,GCF_900128475.1,NZ_LT635835.1,454195,454893,0,WP_072545018.1,YjjG family noncanonical pyrimidine nucleotidase,YjjG,BQ7483_RS04315,,232,Mediterranea massiliensis PRJEB18047,26386,27084,26386,27084,0
